id,first_name,last_name,created,technician_id
1,Gertie,Pietrowicz,2018-03-23 11:58:38,9
2,Vin,Hazeldean,2018-06-11 00:13:16,1
3,Shayla,Cyphus,2021-10-23 08:22:40,2
4,Karry,Yousef,2016-03-17 04:05:47,8
5,Courtney,Forrester,2015-09-18 18:32:12,2
6,Josepha,Ingray,2016-06-29 07:20:50,5
7,Spenser,Kohrs,2016-06-08 18:43:00,6
8,Shadow,Cisneros,2013-04-20 00:34:48,6
9,Kariotta,Piggot,2020-02-02 20:12:44,7
10,Philippe,Chippendale,2020-05-28 20:48:38,4
11,Leeann,Hotton,2021-01-29 14:31:25,7
12,Horatio,Egell,2018-07-13 17:59:57,3
13,Caritta,Jacmard,2020-01-07 19:44:26,2
14,Lesley,De Bruijn,2015-01-11 11:50:08,3
15,Nannette,Avramovic,2017-07-07 01:07:27,3
16,Jarid,Frangleton,2019-07-24 09:39:52,7
17,Gunner,Birdwhistle,2013-02-06 12:41:34,5
18,Caroline,Steventon,2012-05-10 10:18:24,6
19,Gavrielle,Forkan,2013-08-28 14:29:38,2
20,Deeann,Lemmers,2012-04-02 08:42:09,1
21,Denny,Bartke,2012-10-12 10:21:32,7
22,Cory,Filipczynski,2020-06-20 03:33:09,4
23,Constantine,Wadmore,2014-09-30 03:26:43,3
24,Sherman,Lewendon,2014-01-08 22:37:45,6
25,Francoise,Witchalls,2014-08-17 03:04:13,2
26,Jean,Cleere,2020-04-21 05:14:57,1
27,Fabiano,Clyde,2015-08-25 19:40:12,4
28,Stefa,Bradman,2013-03-12 23:56:23,4
29,Harrietta,Ebben,2014-09-19 04:00:33,3
30,Sinclare,Cashman,2016-05-10 12:16:58,6
31,Evaleen,Mullarkey,2014-05-02 22:03:01,8
32,Isabelita,Luff,2014-02-10 12:11:37,4
33,Tess,Coverly,2020-11-29 15:09:25,9
34,Nanete,Sandercock,2019-11-30 02:05:27,8
35,Maressa,Ferrand,2018-01-16 18:17:54,8
36,Sammy,Smales,2013-06-14 08:30:15,4
37,Broderick,Lillegard,2021-06-27 14:15:27,4
38,Berkeley,Raymont,2012-02-08 04:48:49,6
39,Mellisa,Grellier,2012-07-27 21:53:22,10
40,Nessi,Fairpo,2018-09-28 05:29:55,9
