id,email,password,first_name,last_name,created,updated
1,amccallam0@google.ca,NdokpCvD44i,Anni,McCallam,2012-10-30 10:08:36,2018-12-08 21:07:00
2,sboocock1@berkeley.edu,AuT8cd,Shanta,Boocock,2019-06-29 16:39:47,2012-03-24 22:50:13
3,cbedells2@arizona.edu,VbmZJ9f,Cody,Bedells,2015-02-27 01:57:37,2014-03-09 19:44:27
4,vcolquyte3@godaddy.com,XWpfdda08,Vinny,Colquyte,2018-09-18 23:20:34,2018-12-19 02:26:26
5,jmcgiffin4@nature.com,N3ZJ1xkivrX,Janet,Mc Giffin,2015-02-28 07:11:37,2015-05-21 07:07:39
6,mscotchmor5@nba.com,wUVOY6C,Milli,Scotchmor,2012-10-01 09:08:40,2017-10-08 10:17:56
7,mneville6@usgs.gov,ZPOEvZ,Merrel,Neville,2013-08-31 12:20:08,2019-10-25 22:41:10
8,abrolly7@thetimes.co.uk,hYNRbGji1,Antin,Brolly,2014-02-07 22:01:32,2015-12-03 16:59:40
9,gbakey8@loc.gov,Jt23oa1vBsI,Garey,Bakey,2017-10-04 18:52:08,2018-03-21 09:36:07
10,ndibartolomeo9@nifty.com,OfrtZzNBqE,Nicolai,Di Bartolomeo,2017-06-04 14:01:41,2021-11-26 05:56:58
11,vlochea@liveinternet.ru,Sd27Rd,Vinita,Loche,2016-04-27 20:28:41,2020-12-21 22:02:45
12,lbachanskib@yandex.ru,WOTIVx3WCDg,Lorens,Bachanski,2013-03-20 06:57:32,2016-05-24 21:05:31
13,spowriec@tumblr.com,y3p7N2sSGe,Suzette,Powrie,2012-02-09 09:15:10,2018-04-16 09:30:37
14,wdulintyd@go.com,9LtCdX,Windham,Dulinty,2019-12-24 11:42:05,2013-09-03 00:51:49
15,cguyone@google.cn,cWckOgH2YRA,Cris,Guyon,2020-12-28 11:20:09,2019-06-11 04:56:10
16,slandellsf@discuz.net,RIJoVaZ10,Shauna,Landells,2017-12-30 19:07:47,2021-09-22 07:54:14
17,bzavattierig@ask.com,4srM5KEt,Beau,Zavattieri,2012-04-16 02:00:52,2016-11-19 18:40:19
18,ahannanh@hp.com,Fw5ZtMrnDE3,Agathe,Hannan,2019-08-24 08:59:43,2014-07-11 02:58:15
19,aduxburyi@dell.com,95RU5j1,Andeee,Duxbury,2017-11-04 14:14:14,2016-12-30 10:24:22
20,lbreukelmanj@desdev.cn,nKLOfH,Lou,Breukelman,2015-07-20 13:57:46,2020-01-22 23:56:39
21,kdabelk@phpbb.com,FoBePuZ2uwCZ,Kata,Dabel,2015-12-03 14:32:58,2012-08-03 02:25:50
22,atweddlel@networksolutions.com,XGMiRauwmtWz,Anatollo,Tweddle,2021-06-11 18:22:08,2019-05-13 16:07:37
23,mbotterellm@examiner.com,heauzA,Mitchel,Botterell,2018-11-07 01:40:03,2013-02-16 01:55:52
24,kdarthn@cdbaby.com,gB2FKZXzN,Koral,Darth,2012-11-13 12:37:59,2015-08-23 14:01:14
25,iparmleyo@ihg.com,Ibk4cp9P4B5,Iver,Parmley,2012-11-29 10:56:38,2015-12-31 19:34:50
26,etackp@illinois.edu,K2qPulgM5,Elmo,Tack,2021-04-07 02:14:41,2019-10-01 19:21:35
27,aavesqueq@nydailynews.com,gFkriT3q6Ph,Alika,Avesque,2014-12-15 22:05:43,2019-04-04 02:00:56
28,acluter@cpanel.net,gZuJj2NJVJHP,Aaren,Clute,2013-11-19 06:15:16,2012-02-19 09:20:58
29,bblanchards@washingtonpost.com,ckJh9N2,Brandon,Blanchard,2015-04-06 07:48:09,2021-12-29 01:37:51
30,rfilont@sina.com.cn,wqN0OFSdJ,Rowney,Filon,2013-11-08 15:27:17,2019-02-10 05:22:27
31,kpervewu@spiegel.de,WIpRN1,Kaine,Pervew,2012-09-08 14:36:10,2021-03-19 07:47:03
32,rwaplingtonv@theglobeandmail.com,PtVmbJ8RnR,Rahal,Waplington,2012-01-04 20:51:45,2012-01-12 04:52:09
33,cmackeoghw@gov.uk,fAFWTV7,Cyndy,MacKeogh,2014-01-15 22:15:25,2014-07-25 04:34:12
34,mwaldronx@wufoo.com,4w3i0E7hvW,Melissa,Waldron,2013-07-10 01:18:42,2014-11-04 13:01:27
35,czanniniy@bbc.co.uk,G1xSSJg,Charlean,Zannini,2017-06-16 07:15:58,2018-05-13 07:53:33
36,calderseyz@economist.com,YwqDv2,Christalle,Aldersey,2016-11-18 14:15:44,2021-08-30 04:20:53
37,cmillthorpe10@businessinsider.com,AmYhTTAs,Corette,Millthorpe,2021-05-05 14:39:17,2016-04-02 23:24:38
38,mlumsdon11@tiny.cc,AcJR4gQOG,Martie,Lumsdon,2018-09-17 06:26:20,2017-02-12 19:50:36
39,dblemen12@weebly.com,nyvCSK,Donna,Blemen,2013-06-30 18:28:43,2012-01-05 16:32:58
40,vbeere13@artisteer.com,6UmF25C0YBHO,Verine,Beere,2014-07-16 04:22:48,2016-06-15 09:28:59
41,klehrian14@mtv.com,VIpNvkhI,Konstantin,Lehrian,2017-03-01 19:10:45,2016-11-02 04:19:31
42,alohden15@boston.com,OTsiM7eu,Ashley,Lohden,2016-03-22 00:51:13,2013-06-08 21:11:32
43,iruspine16@microsoft.com,Pzu78Q,Ingra,Ruspine,2016-05-15 14:57:56,2017-02-18 15:41:26
44,malessandrini17@behance.net,t9fuU66MCl,Maurine,Alessandrini,2016-05-22 06:47:19,2016-11-15 02:05:48
45,froxbee18@wikimedia.org,RXPnt3,Franny,Roxbee,2021-03-02 07:45:03,2018-04-10 03:32:56
46,lbolding19@ifeng.com,XpCA4F3Ubp,Livvy,Bolding,2012-05-20 19:15:40,2014-12-21 12:21:28
47,phowels1a@nih.gov,yk8R8HOrQ6c,Paxton,Howels,2016-01-08 01:32:28,2021-09-01 04:34:13
48,kheibl1b@comsenz.com,glm0sJVWjv7,Klaus,Heibl,2014-11-28 08:53:55,2014-12-02 00:50:15
49,rtomasino1c@cafepress.com,Whi4Uu1,Reyna,Tomasino,2016-03-18 19:48:36,2012-01-18 06:18:06
50,sfulger1d@harvard.edu,KGwqex59pTBU,Sansone,Fulger,2012-12-25 23:16:41,2013-04-17 01:36:11
51,emcginnis1e@newsvine.com,cSaZZMI5,Erma,McGinnis,2017-08-16 02:49:54,2017-01-21 22:52:35
52,jbourrel1f@booking.com,Iyq48GV,Jerrylee,Bourrel,2014-05-07 23:06:17,2012-01-01 20:30:01
53,ilanphier1g@cbsnews.com,NF7MP3pE5YC,Ibby,Lanphier,2014-04-07 01:17:41,2012-10-19 08:23:21
54,rfarans1h@mapquest.com,NyaZrndqu,Rebeka,Farans,2018-01-20 02:20:54,2013-04-19 16:05:53
55,frubinsky1i@jigsy.com,C2AUOI,Fanchon,Rubinsky,2014-03-19 14:49:56,2017-12-30 19:44:03
56,cfaircliffe1j@indiatimes.com,aOYVQr,Cari,Faircliffe,2014-02-02 14:26:47,2013-01-23 17:52:33
57,dliley1k@last.fm,wbM8P24WRVP,Dita,Liley,2018-09-24 20:17:30,2020-05-02 03:08:48
58,lgiuron1l@rakuten.co.jp,O8K29i3eyYb,Lemar,Giuron,2012-01-08 14:18:08,2014-06-20 06:25:13
59,wwoodsford1m@telegraph.co.uk,sbYc32,Wilma,Woodsford,2012-11-02 23:42:40,2016-01-22 11:20:58
60,dlowle1n@independent.co.uk,cEBNN6PphHf5,Darby,Lowle,2021-12-01 17:55:45,2019-07-26 12:00:20
61,mscoyne1o@fda.gov,z1kOmk8vn,Mellisent,Scoyne,2017-07-06 15:26:03,2013-12-22 15:00:34
62,geldred1p@reddit.com,dCULT1vEe,Gabi,Eldred,2020-03-06 19:13:55,2020-08-09 15:06:26
63,gmcgorley1q@nba.com,liZOSAP,Gunar,Mc Gorley,2014-08-01 08:10:20,2016-09-21 09:35:58
64,aivashintsov1r@acquirethisname.com,VkBjAe,Angie,Ivashintsov,2020-07-22 05:19:41,2021-11-28 09:54:26
65,blebretondelavieuville1s@berkeley.edu,Wrl9Wpazu6Gu,Brittney,Le Breton De La Vieuville,2013-05-31 12:48:17,2016-09-17 03:17:29
66,mcrittal1t@mediafire.com,i9RmOupuKM,Meridel,Crittal,2021-05-15 00:23:56,2018-07-06 10:19:05
67,mgilliland1u@ow.ly,A1ZSKKr,Marketa,Gilliland,2018-11-13 00:44:09,2015-02-19 18:27:35
68,kmcmichan1v@examiner.com,aRuWCULRrT,Katherina,McMichan,2014-01-14 08:19:04,2020-07-11 09:38:02
69,gcadwaladr1w@sbwire.com,Vuan9HiPi6f,Gavin,Cadwaladr,2021-08-24 23:27:42,2015-10-27 14:38:04
70,djoint1x@over-blog.com,3DKM4wI0,Delmer,Joint,2019-05-29 07:55:33,2021-06-28 03:39:17
71,iblethyn1y@barnesandnoble.com,rqUDLP37,Iorgo,Blethyn,2012-01-20 01:59:03,2017-11-22 03:08:07
72,wschulken1z@epa.gov,7Rm7YYti,Willy,Schulken,2014-08-03 14:37:00,2019-08-08 16:10:58
73,rberens20@shutterfly.com,R79e1H3yJK0,Rollo,Berens,2015-12-06 07:15:18,2016-05-09 07:04:01
74,crowat21@mapquest.com,IPFVFAEaBC,Crin,Rowat,2020-07-04 22:10:31,2021-08-01 03:51:36
75,snewe22@sun.com,fjOdb13,Sinclair,Newe,2012-02-05 21:50:41,2018-07-06 07:10:07
76,tshmyr23@google.cn,76nQR2Aoa,Tobie,Shmyr,2018-07-12 08:16:12,2015-11-02 20:47:19
77,mbeasant24@unc.edu,Criavlyv0S,Maure,Beasant,2018-02-18 15:42:45,2015-04-14 22:02:30
78,strever25@epa.gov,J1o1qmfMq97,Sasha,Trever,2020-12-22 04:24:02,2021-12-14 14:21:09
79,eboycott26@huffingtonpost.com,Bg55TVL18b,Enoch,Boycott,2019-11-22 10:01:49,2021-12-01 22:51:25
80,pcornwell27@vkontakte.ru,4DrPUR00vjId,Philipa,Cornwell,2019-05-13 14:18:46,2021-08-25 23:17:32
81,egalvin28@angelfire.com,Woi6g0o,Emmey,Galvin,2020-02-11 06:47:44,2014-07-20 07:12:45
82,gmccamish29@microsoft.com,beCAjMD,Giacopo,McCamish,2012-06-14 07:03:08,2017-05-14 17:25:12
83,adeddum2a@unesco.org,I5tS9BT,Angelique,Deddum,2016-05-03 09:55:19,2017-09-02 08:43:27
84,mleyshon2b@cnn.com,u35DOW,Mireielle,Leyshon,2020-12-12 18:54:06,2014-11-09 01:38:56
85,nosment2c@chron.com,iW85McROX,Niles,Osment,2015-11-15 03:02:42,2017-11-01 13:42:55
86,kringrose2d@ox.ac.uk,ffU8yQOKO,Kermy,Ringrose,2021-02-26 13:47:28,2018-07-03 06:01:04
87,rbrandenburg2e@aboutads.info,IAPWiK,Rafaelia,Brandenburg,2017-11-09 21:24:10,2019-10-13 19:29:40
88,ksponder2f@cyberchimps.com,4G00voQsqoFg,Kath,Sponder,2018-10-06 04:40:44,2020-08-08 00:16:27
89,cdibiaggi2g@hud.gov,mfzJMLXuA,Catina,Di Biaggi,2017-06-21 18:45:58,2021-11-21 11:36:49
90,fbeldam2h@illinois.edu,ktEZYO,Faunie,Beldam,2012-10-20 16:02:49,2017-01-11 00:21:12
91,eromanini2i@netlog.com,93c7ab6,Erny,Romanini,2014-09-25 19:52:17,2012-09-10 08:40:20
92,mweadick2j@dion.ne.jp,1TaMNXsf6zuM,Mollie,Weadick,2014-11-25 19:57:59,2016-09-06 08:20:20
93,brudwell2k@hud.gov,UQKLTK5ey9a,Brody,Rudwell,2020-08-05 06:03:43,2012-03-29 07:41:18
94,sverity2l@cisco.com,sYK45VKDm,Steffen,Verity,2012-03-21 07:36:33,2012-01-24 09:29:30
95,zert2m@amazon.com,9qhy83sXliIu,Zachary,Ert,2019-07-14 09:25:02,2014-09-30 12:11:37
96,sbeche2n@timesonline.co.uk,81lrI5cvSONv,Sutherlan,Beche,2013-02-05 04:50:56,2017-12-06 10:28:22
97,kgiles2o@marketwatch.com,4C5rfEfOYET,Kalindi,Giles,2014-03-20 21:32:05,2018-05-23 15:05:12
98,alethbury2p@wunderground.com,d12mPGFHj,Arther,Lethbury,2021-01-21 03:40:27,2017-12-16 03:52:45
99,pstrank2q@cisco.com,ZUMBKRjYxRG,Padriac,Strank,2018-09-04 10:39:36,2014-07-14 14:02:00
100,kgerber2r@tripod.com,uBf9zkUTqB,Kevin,Gerber,2012-03-24 09:34:18,2015-11-21 07:37:03
101,todde2s@statcounter.com,C2KHBzf9,Tonia,Odde,2017-08-22 00:02:10,2019-06-01 20:12:13
102,djepson2t@ucoz.com,gv2tSe5i,Dom,Jepson,2016-09-23 22:46:45,2020-01-25 12:56:51
103,dscare2u@cisco.com,s6naLqXyBsh6,Damiano,Scare,2017-12-18 01:55:14,2018-10-03 11:07:47
104,jseligson2v@usgs.gov,0TkwO5,Jane,Seligson,2015-07-16 13:37:26,2021-07-22 03:27:24
105,lthickin2w@ox.ac.uk,rISFZB6kXXqP,Linoel,Thickin,2019-05-22 22:56:01,2013-09-01 03:36:27
106,mmaylin2x@exblog.jp,qS6UZdHyUe,Marcy,Maylin,2016-05-23 14:20:35,2012-11-29 20:27:14
107,ahonniebal2y@shop-pro.jp,J1YKEaEiAy,Adrien,Honniebal,2013-06-29 13:47:19,2021-08-05 11:55:56
108,bbrimming2z@seattletimes.com,agduDn2rM,Burlie,Brimming,2014-04-29 16:53:45,2021-12-13 08:52:41
109,sembleton30@cbsnews.com,c3ccg65,Sawyere,Embleton,2012-09-11 22:32:47,2016-09-10 16:59:00
110,sryrie31@zdnet.com,1SyueWVW,Stanleigh,Ryrie,2014-02-09 03:43:16,2014-09-18 14:48:07
111,jattwater32@mysql.com,8Lpr4shIupo,Jobey,Attwater,2021-08-31 19:14:41,2016-09-04 18:34:12
112,ssterman33@ibm.com,XTxPPrrpo,Sansone,Sterman,2016-04-12 18:46:57,2019-03-20 01:58:35
113,pjuggins34@nature.com,ky8hAj,Pamelina,Juggins,2013-07-25 08:05:25,2012-08-31 17:00:29
114,whanselmann35@indiegogo.com,DEJfcUCxUlk,Wrennie,Hanselmann,2018-03-30 15:34:57,2015-01-11 05:44:09
115,rgartell36@bing.com,vKTWa8UcG,Rois,Gartell,2014-02-11 07:30:33,2016-04-24 23:42:26
116,jshier37@slashdot.org,ezcVbMlHsk,Joshua,Shier,2015-05-16 18:22:58,2021-01-02 15:42:35
117,fbroxup38@rambler.ru,XdYR7Hw8j73,Fleur,Broxup,2015-06-10 07:33:03,2016-06-16 18:01:54
118,cpalomba39@huffingtonpost.com,paAfbYBPGt,Charley,Palomba,2012-01-04 04:53:16,2018-09-25 17:57:56
119,mvictoria3a@apache.org,Jetm4b,Mellisent,Victoria,2019-01-05 21:04:46,2021-07-05 07:10:18
120,clandy3b@cnbc.com,k3SWRQAUhTn,Claudina,Landy,2021-10-22 18:48:21,2012-05-30 04:03:12
121,arice3c@mtv.com,rzuJi6Kpmgda,Archie,Rice,2021-05-05 18:24:48,2013-05-16 04:02:15
122,amessent3d@google.es,wLfaeQIpfcKb,Avis,Messent,2021-11-24 20:41:16,2013-07-06 08:22:47
123,lhakonsson3e@oaic.gov.au,23z5Wwjm,Loralie,Hakonsson,2019-10-02 21:19:04,2013-04-04 03:21:17
124,lgrier3f@bluehost.com,UVhIM4G,Lucky,Grier,2018-08-18 20:04:19,2014-05-29 21:35:28
125,dharower3g@issuu.com,6v27mmiZNn,Dorothy,Harower,2015-07-23 02:05:18,2020-01-13 19:07:20
126,kgorring3h@example.com,rkSMiAfqAd,Kit,Gorring,2017-03-20 04:44:45,2018-11-07 13:42:29
127,mdupree3i@1und1.de,49kKp09WLfcq,Mady,Dupree,2014-06-01 05:34:02,2019-09-26 09:07:24
128,bbarnson3j@harvard.edu,5i5211uz0Tk,Beverly,Barnson,2016-01-27 15:23:21,2019-01-20 09:30:10
129,ngriswaite3k@discovery.com,QQznVL6K8yB,Nessy,Griswaite,2019-07-10 15:03:15,2017-10-19 09:36:16
130,hgrundon3l@tuttocitta.it,v7nCQq7H,Haven,Grundon,2016-11-01 07:22:55,2019-10-04 08:08:43
131,cperch3m@netvibes.com,fLRyxPldUNt,Chiquia,Perch,2012-05-19 09:08:04,2020-10-14 19:37:59
132,mhannon3n@live.com,qy8bTX5J,Mickey,Hannon,2021-01-24 05:18:16,2013-11-20 23:08:34
133,rmargeram3o@tripadvisor.com,26k8gx72yVKW,Roda,Margeram,2014-03-18 21:00:50,2020-11-05 00:16:26
134,hharries3p@friendfeed.com,xiEIRCM80b,Hilary,Harries,2021-03-15 05:08:01,2012-04-30 14:34:29
135,flemonnier3q@lycos.com,nf1im0ke,Frazer,Le Monnier,2016-01-31 18:50:35,2016-11-09 22:17:08
136,eivey3r@cdbaby.com,GEz7Fc46U8,Elton,Ivey,2020-12-11 14:11:42,2021-07-22 07:30:18
137,galgar3s@omniture.com,s70rNSr1LSx,Gasper,Algar,2014-06-06 06:50:53,2021-08-08 12:32:16
138,ldaviot3t@google.com.hk,qsAF24Nl,Lian,Daviot,2012-08-10 00:13:09,2016-03-22 19:48:58
139,dbreffitt3u@rakuten.co.jp,F5ldcyYHa,Doralyn,Breffitt,2019-08-20 07:24:33,2012-11-07 02:13:39
140,mteanby3v@un.org,txNXoGX5o,Malina,Teanby,2015-02-26 03:38:41,2015-07-07 06:47:36
141,lperes3w@unc.edu,1lwPuIweH,Lefty,Peres,2013-09-10 23:46:42,2017-04-16 11:52:29
142,rwalkden3x@booking.com,ScnrsQ7NPn,Rog,Walkden,2018-01-15 11:52:05,2018-03-18 18:04:22
143,tcunnell3y@desdev.cn,V35V0Hj4,Tobie,Cunnell,2015-12-21 14:30:44,2021-04-17 21:03:46
144,jlightbody3z@4shared.com,t9eDnLW3Wc,Jefferey,Lightbody,2019-05-17 14:06:41,2018-05-16 12:13:34
145,ppavluk40@merriam-webster.com,mGuf1FUmA,Phillida,Pavluk,2014-06-21 05:51:51,2021-05-23 19:18:55
146,rprestwich41@zimbio.com,eIdmrZU,Rahel,Prestwich,2021-05-01 03:38:07,2021-09-02 07:27:18
147,jspinney42@globo.com,XUxCic,Jenica,Spinney,2014-07-16 08:05:10,2021-12-22 23:26:40
148,asherlaw43@livejournal.com,owEu5vla,Athene,Sherlaw,2012-11-09 04:15:44,2019-02-01 05:13:20
149,pscholes44@noaa.gov,DE4Fa5,Paulina,Scholes,2013-10-25 01:30:57,2020-03-08 17:52:55
150,tolek45@wikia.com,Q1iyDGty0e,Tildy,Olek,2015-09-27 05:40:47,2013-09-23 15:00:53
